Pokemon,Typing,Abilities,HP,Attack,Defense,SpA,SpD,Spe
Abomasnow,Grass/Ice,"Snow Warning, Soundproof",90,92,75,92,85,60
Abomasnow (Mega),Grass/Ice,Snow Warning,90,132,105,132,105,30
Abra,Psychic,"Inner Focus, Magic Guard, Synchronize",25,20,15,105,55,90
Absol,Dark,"Justified, Pressure, Super Luck",65,130,60,75,60,75
Absol (Mega),Dark,Magic Bounce,65,150,60,115,60,115
Accelgor,Bug,"Hydration, Sticky Hold, Unburden",80,70,40,100,60,145
Aegislash,Steel/Ghost,Stance Change,60,50,150,50,150,60
Aegislash (Blade),Steel/Ghost,Stance Change,60,150,50,150,50,60
Aerodactyl,Rock/Flying,"Pressure, Rock Head, Unnerve",80,105,65,60,75,130
Aerodactyl (Mega),Rock/Flying,Tough Claws,80,135,85,70,95,150
Aggron,Steel/Rock,"Heavy Metal, Rock Head, Sturdy",70,110,180,60,60,50
Aggron (Mega),Steel,Filter,70,140,230,60,80,50
Aipom,Normal,"Pickup, Run Away, Skill Link",55,70,55,40,55,85
Alakazam,Psychic,"Inner Focus, Magic Guard, Synchronize",55,50,45,135,95,120
Alakazam (Mega),Psychic,Trace,55,50,65,175,95,150
Alomomola,Water,"Healer, Hydration, Regenerator",165,75,80,40,45,65
Altaria,Dragon/Flying,"Cloud Nine, Natural Cure",75,70,90,70,105,80
Altaria (Mega),Dragon/Fairy,Pixilate,75,110,110,110,105,80
Amaura,Rock/Ice,"Refrigerate, Snow Warning",77,59,50,67,63,46
Ambipom,Normal,"Pickup, Skill Link, Technician",75,100,66,60,66,115
Amoonguss,Grass/Poison,"Effect Spore, Regenerator",114,85,70,85,80,30
Ampharos,Electric,"Plus, Static",90,75,85,115,90,55
Ampharos (Mega),Electric/Dragon,Mold Breaker,90,95,105,165,110,45
Anorith,Rock/Bug,"Battle Armor, Swift Swim",45,95,50,40,50,75
Arbok,Poison,"Intimidate, Shed Skin, Unnerve",60,85,69,65,79,80
Arcanine,Fire,"Flash Fire, Intimidate, Justified",90,110,80,100,80,95
Arceus,Normal,Multitype,120,120,120,120,120,120
Arceus-Bug,Bug,Multitype,120,120,120,120,120,120
Arceus-Dark,Dark,Multitype,120,120,120,120,120,120
Arceus-Dragon,Dragon,Multitype,120,120,120,120,120,120
Arceus-Electric,Electric,Multitype,120,120,120,120,120,120
Arceus-Fairy,Fairy,Multitype,120,120,120,120,120,120
Arceus-Fighting,Fighting,Multitype,120,120,120,120,120,120
Arceus-Fire,Fire,Multitype,120,120,120,120,120,120
Arceus-Flying,Flying,Multitype,120,120,120,120,120,120
Arceus-Ghost,Ghost,Multitype,120,120,120,120,120,120
Arceus-Grass,Grass,Multitype,120,120,120,120,120,120
Arceus-Ground,Ground,Multitype,120,120,120,120,120,120
Arceus-Ice,Ice,Multitype,120,120,120,120,120,120
Arceus-Poison,Poison,Multitype,120,120,120,120,120,120
Arceus-Psychic,Psychic,Multitype,120,120,120,120,120,120
Arceus-Rock,Rock,Multitype,120,120,120,120,120,120
Arceus-Steel,Steel,Multitype,120,120,120,120,120,120
Arceus-Water,Water,Multitype,120,120,120,120,120,120
Archen,Rock/Flying,Defeatist,55,112,45,74,45,70
Archeops,Rock/Flying,Defeatist,75,140,65,112,65,110
Ariados,Bug/Poison,"Insomnia, Sniper, Swarm",70,90,70,60,60,40
Armaldo,Rock/Bug,"Battle Armor, Swift Swim",75,125,100,70,80,45
Aromatisse,Fairy,"Aroma Veil, Healer",101,72,72,99,89,29
Aron,Steel/Rock,"Heavy Metal, Rock Head, Sturdy",50,70,100,40,40,30
Articuno,Ice/Flying,"Pressure, Snow Cloak",90,85,100,95,125,85
Audino,Normal,"Healer, Klutz, Regenerator",103,60,86,60,86,50
Audino (Mega),Normal/Fairy,Healer,103,60,126,80,126,50
Aurorus,Rock/Ice,"Refrigerate, Snow Warning",123,77,72,99,92,58
Avalugg,Ice,"Ice Body, Own Tempo, Sturdy",95,117,184,44,46,28
Axew,Dragon,"Mold Breaker, Rivalry, Unnerve",46,87,60,30,40,57
Azelf,Psychic,Levitate,75,125,70,125,70,115
Azumarill,Water/Fairy,"Huge Power, Sap Sipper, Thick Fat",100,50,80,60,80,50
Azurill,Normal/Fairy,"Huge Power, Sap Sipper, Thick Fat",50,20,40,20,40,20
Bagon,Dragon,"Rock Head, Sheer Force",45,75,60,40,30,50
Baltoy,Ground/Psychic,Levitate,40,40,55,40,70,55
Banette,Ghost,"Cursed Body, Frisk, Insomnia",64,115,65,83,63,65
Banette (Mega),Ghost,Prankster,64,165,75,93,83,75
Barbaracle,Rock/Water,"Pickpocket, Sniper, Tough Claws",72,105,115,54,86,68
Barboach,Water/Ground,"Anticipation, Hydration, Oblivious",50,48,43,46,41,60
Basculin,Water,"Adaptability, Mold Breaker, Reckless, Rock Head",70,92,65,80,55,98
Bastiodon,Rock/Steel,"Soundproof, Sturdy",60,52,168,47,138,30
Bayleef,Grass,"Leaf Guard, Overgrow",60,62,80,63,80,60
Beartic,Ice,"Snow Cloak, Swift Swim",95,110,80,70,80,50
Beautifly,Bug/Flying,"Rivalry, Swarm",60,70,50,100,50,65
Beedrill,Bug/Poison,"Sniper, Swarm",65,90,40,45,80,75
Beedrill (Mega),Bug/Poison,Adaptability,65,150,40,15,80,145
Beheeyem,Psychic,"Analytic, Synchronize, Telepathy",75,75,75,125,95,40
Beldum,Steel/Psychic,"Clear Body, Light Metal",40,55,80,35,60,30
Bellossom,Grass,"Chlorophyll, Healer",75,80,95,90,100,50
Bellsprout,Grass/Poison,"Chlorophyll, Gluttony",50,75,35,70,30,40
Bergmite,Ice,"Ice Body, Own Tempo, Sturdy",56,69,86,32,36,28
Bibarel,Normal/Water,"Moody, Simple, Unaware",79,85,60,55,60,71
Bidoof,Normal,"Moody, Simple, Unaware",59,45,40,35,40,31
Binacle,Rock/Water,"Pickpocket, Sniper, Tough Claws",42,52,67,39,56,50
Bisharp,Dark/Steel,"Defiant, Inner Focus, Pressure",65,125,100,60,70,70
Blastoise,Water,"Rain Dish, Torrent",79,83,100,85,105,78
Blastoise (Mega),Water,Mega Launcher,79,103,120,135,115,78
Blaziken,Fire/Fighting,"Blaze, Speed Boost",80,120,70,110,70,80
Blaziken (Mega),Fire/Fighting,Speed Boost,80,160,80,130,80,100
Blissey,Normal,"Healer, Natural Cure, Serene Grace",255,10,10,75,135,55
Blitzle,Electric,"Lightning Rod, Motor Drive, Sap Sipper",45,60,32,50,32,76
Boldore,Rock,"Sand Force, Sturdy",70,105,105,50,40,20
Bonsly,Rock,"Rattled, Rock Head, Sturdy",50,80,95,10,45,10
Bouffalant,Normal,"Reckless, Sap Sipper, Soundproof",95,110,95,40,95,55
Braixen,Fire,"Blaze, Magician",59,59,58,90,70,73
Braviary,Normal/Flying,"Defiant, Keen Eye, Sheer Force",100,123,75,57,75,80
Breloom,Grass/Fighting,"Effect Spore, Poison Heal, Technician",60,130,80,60,60,70
Bronzong,Steel/Psychic,"Heatproof, Heavy Metal, Levitate",67,89,116,79,116,33
Bronzor,Steel/Psychic,"Heatproof, Heavy Metal, Levitate",57,24,86,24,86,23
Budew,Grass/Poison,"Leaf Guard, Natural Cure, Poison Point",40,30,35,50,70,55
Buizel,Water,"Swift Swim, Water Veil",55,65,35,60,30,85
Bulbasaur,Grass/Poison,"Chlorophyll, Overgrow",45,49,49,65,65,45
Buneary,Normal,"Klutz, Limber, Run Away",55,66,44,44,56,85
Bunnelby,Normal,"Cheek Pouch, Huge Power, Pickup",38,36,38,32,36,57
Burmy,Bug,"Overcoat, Shed Skin",40,29,45,29,45,36
Butterfree,Bug/Flying,"Compound Eyes, Tinted Lens",60,45,50,90,80,70
Cacnea,Grass,"Sand Veil, Water Absorb",50,85,40,85,40,35
Cacturne,Grass/Dark,"Sand Veil, Water Absorb",70,115,60,115,60,55
Camerupt,Fire/Ground,"Anger Point, Magma Armor, Solid Rock",70,100,70,105,75,40
Camerupt (Mega),Fire/Ground,Sheer Force,70,120,100,145,105,20
Carbink,Rock/Fairy,"Clear Body, Sturdy",50,50,150,50,150,50
Carnivine,Grass,Levitate,74,100,72,90,72,46
Carracosta,Water/Rock,"Solid Rock, Sturdy, Swift Swim",74,108,133,83,65,32
Carvanha,Water/Dark,"Rough Skin, Speed Boost",45,90,20,65,20,65
Cascoon,Bug,Shed Skin,50,35,55,25,25,15
Castform,Normal,Forecast,70,70,70,70,70,70
Caterpie,Bug,"Run Away, Shield Dust",45,30,35,20,20,45
Celebi,Psychic/Grass,Natural Cure,100,100,100,100,100,100
Chandelure,Ghost/Fire,"Flame Body, Flash Fire, Infiltrator",60,55,90,145,90,80
Chansey,Normal,"Healer, Natural Cure, Serene Grace",250,5,5,35,105,50
Charizard,Fire/Flying,"Blaze, Solar Power",78,84,78,109,85,100
Charizard (Mega-X),Fire/Dragon,Tough Claws,78,130,111,130,85,100
Charizard (Mega-Y),Fire/Flying,Drought,78,104,78,159,115,100
Charmander,Fire,"Blaze, Solar Power",39,52,43,60,50,65
Charmeleon,Fire,"Blaze, Solar Power",58,64,58,80,65,80
Chatot,Normal/Flying,"Big Pecks, Keen Eye, Tangled Feet",76,65,45,92,42,91
Cherrim,Grass,Flower Gift,70,60,70,87,78,85
Cherubi,Grass,Chlorophyll,45,35,45,62,53,35
Chesnaught,Grass/Fighting,"Bulletproof, Overgrow",88,107,122,74,75,64
Chespin,Grass,"Bulletproof, Overgrow",56,61,65,48,45,38
Chikorita,Grass,"Leaf Guard, Overgrow",45,49,65,49,65,45
Chimchar,Fire,"Blaze, Iron Fist",44,58,44,58,44,61
Chimecho,Psychic,Levitate,65,50,70,95,80,65
Chinchou,Water/Electric,"Illuminate, Volt Absorb, Water Absorb",75,38,38,56,56,67
Chingling,Psychic,Levitate,45,30,50,65,50,45
Cinccino,Normal,"Cute Charm, Skill Link, Technician",75,95,60,65,60,115
Clamperl,Water,"Rattled, Shell Armor",35,64,85,74,55,32
Clauncher,Water,Mega Launcher,50,53,62,58,63,44
Clawitzer,Water,Mega Launcher,71,73,88,120,89,59
Claydol,Ground/Psychic,Levitate,60,70,105,70,120,75
Clefable,Fairy,"Cute Charm, Magic Guard, Unaware",95,70,73,95,90,60
Clefairy,Fairy,"Cute Charm, Friend Guard, Magic Guard",70,45,48,60,65,35
Cleffa,Fairy,"Cute Charm, Friend Guard, Magic Guard",50,25,28,45,55,15
Cloyster,Water/Ice,"Overcoat, Shell Armor, Skill Link",50,95,180,85,45,70
Cobalion,Steel/Fighting,Justified,91,90,129,90,72,108
Cofagrigus,Ghost,Mummy,58,50,145,95,105,30
Combee,Bug/Flying,"Honey Gather, Hustle",30,30,42,30,42,70
Combusken,Fire/Fighting,"Blaze, Speed Boost",60,85,60,85,60,55
Conkeldurr,Fighting,"Guts, Iron Fist, Sheer Force",105,140,95,55,65,45
Corphish,Water,"Adaptability, Hyper Cutter, Shell Armor",43,80,65,50,35,35
Corsola,Water/Rock,"Hustle, Natural Cure, Regenerator",55,55,85,65,85,35
Cottonee,Grass/Fairy,"Chlorophyll, Infiltrator, Prankster",40,27,60,37,50,66
Cradily,Rock/Grass,"Storm Drain, Suction Cups",86,81,97,81,107,43
Cranidos,Rock,"Mold Breaker, Sheer Force",67,125,40,30,30,58
Crawdaunt,Water/Dark,"Adaptability, Hyper Cutter, Shell Armor",63,120,85,90,55,55
Cresselia,Psychic,Levitate,120,70,120,75,130,85
Croagunk,Poison/Fighting,"Anticipation, Dry Skin, Poison Touch",48,61,40,61,40,50
Crobat,Poison/Flying,"Infiltrator, Inner Focus",85,90,80,70,80,130
Croconaw,Water,"Sheer Force, Torrent",65,80,80,59,63,58
Crustle,Bug/Rock,"Shell Armor, Sturdy, Weak Armor",70,95,125,65,75,45
Cryogonal,Ice,Levitate,70,50,30,95,135,105
Cubchoo,Ice,"Rattled, Snow Cloak",55,70,40,60,40,40
Cubone,Ground,"Battle Armor, Lightning Rod, Rock Head",50,50,95,40,50,35
Cyndaquil,Fire,"Blaze, Flash Fire",39,52,43,60,50,65
Darkrai,Dark,Bad Dreams,70,90,90,135,90,125
Darmanitan,Fire,"Sheer Force, Zen Mode",105,140,55,30,55,95
Darmanitan (Zen),Fire/Psychic,Zen Mode,105,30,105,140,105,55
Darumaka,Fire,"Hustle, Inner Focus",70,90,45,15,45,50
Dedenne,Electric/Fairy,"Cheek Pouch, Pickup, Plus",67,58,57,81,67,101
Deerling,Normal/Grass,"Chlorophyll, Sap Sipper, Serene Grace",60,60,50,40,50,75
Deino,Dark/Dragon,Hustle,52,65,50,45,50,38
Delcatty,Normal,"Cute Charm, Normalize, Wonder Skin",70,65,65,55,55,70
Delibird,Ice/Flying,"Hustle, Insomnia, Vital Spirit",45,55,45,65,45,75
Delphox,Fire/Psychic,"Blaze, Magician",75,69,72,114,100,104
Deoxys,Psychic,Pressure,50,150,50,150,50,150
Deoxys-Attack,Psychic,Pressure,50,180,20,180,20,150
Deoxys-Defense,Psychic,Pressure,50,70,160,70,160,90
Deoxys-Speed,Psychic,Pressure,50,95,90,95,90,180
Dewgong,Water/Ice,"Hydration, Ice Body, Thick Fat",90,70,80,70,95,70
Dewott,Water,"Shell Armor, Torrent",75,75,60,83,60,60
Dialga,Steel/Dragon,"Pressure, Telepathy",100,120,120,150,100,90
Diancie,Rock/Fairy,Clear Body,50,100,150,100,150,50
Diancie (Mega),Rock/Fairy,Magic Bounce,50,160,110,160,110,110
Diggersby,Normal/Ground,"Cheek Pouch, Huge Power, Pickup",85,56,77,50,77,78
Diglett,Ground,"Arena Trap, Sand Force, Sand Veil",10,55,25,35,45,95
Ditto,Normal,"Imposter, Limber",48,48,48,48,48,48
Dodrio,Normal/Flying,"Early Bird, Run Away, Tangled Feet",60,110,70,60,60,100
Doduo,Normal/Flying,"Early Bird, Run Away, Tangled Feet",35,85,45,35,35,75
Donphan,Ground,"Sand Veil, Sturdy",90,120,120,60,60,50
Doublade,Steel/Ghost,No Guard,59,110,150,45,49,35
Dragalge,Poison/Dragon,"Adaptability, Poison Point, Poison Touch",65,75,90,97,123,44
Dragonair,Dragon,"Marvel Scale, Shed Skin",61,84,65,70,70,70
Dragonite,Dragon/Flying,"Inner Focus, Multiscale",91,134,95,100,100,80
Drapion,Poison/Dark,"Battle Armor, Keen Eye, Sniper",70,90,110,60,75,95
Dratini,Dragon,"Marvel Scale, Shed Skin",41,64,45,50,50,50
Drifblim,Ghost/Flying,"Aftermath, Flare Boost, Unburden",150,80,44,90,54,80
Drifloon,Ghost/Flying,"Aftermath, Flare Boost, Unburden",90,50,34,60,44,70
Drilbur,Ground,"Mold Breaker, Sand Force, Sand Rush",60,85,40,30,45,68
Drowzee,Psychic,"Forewarn, Inner Focus, Insomnia",60,48,45,43,90,42
Druddigon,Dragon,"Mold Breaker, Rough Skin, Sheer Force",77,120,90,60,90,48
Ducklett,Water/Flying,"Big Pecks, Hydration, Keen Eye",62,44,50,44,50,55
Dugtrio,Ground,"Arena Trap, Sand Force, Sand Veil",35,80,50,50,70,120
Dunsparce,Normal,"Rattled, Run Away, Serene Grace",100,70,70,65,65,45
Duosion,Psychic,"Magic Guard, Overcoat, Regenerator",65,40,50,125,60,30
Durant,Bug/Steel,"Hustle, Swarm, Truant",58,109,112,48,48,109
Dusclops,Ghost,"Frisk, Pressure",40,70,130,60,130,25
Dusknoir,Ghost,"Frisk, Pressure",45,100,135,65,135,45
Duskull,Ghost,"Frisk, Levitate",20,40,90,30,90,25
Dustox,Bug/Poison,"Compound Eyes, Shield Dust",60,50,70,50,90,65
Dwebble,Bug/Rock,"Shell Armor, Sturdy, Weak Armor",50,65,85,35,35,55
Eelektrik,Electric,Levitate,65,85,70,75,70,40
Eelektross,Electric,Levitate,85,115,80,105,80,50
Eevee,Normal,"Adaptability, Anticipation, Run Away",55,55,50,45,65,55
Ekans,Poison,"Intimidate, Shed Skin, Unnerve",35,60,44,40,54,55
Electabuzz,Electric,"Static, Vital Spirit",65,83,57,95,85,105
Electivire,Electric,"Motor Drive, Vital Spirit",75,123,67,95,85,95
Electrike,Electric,"Lightning Rod, Minus, Static",40,45,40,65,40,65
Electrode,Electric,"Aftermath, Soundproof, Static",60,50,70,80,80,140
Elekid,Electric,"Static, Vital Spirit",45,63,37,65,55,95
Elgyem,Psychic,"Analytic, Synchronize, Telepathy",55,55,55,85,55,30
Emboar,Fire/Fighting,"Blaze, Reckless",110,123,65,100,65,65
Emolga,Electric/Flying,"Motor Drive, Static",55,75,60,75,60,103
Empoleon,Water/Steel,"Defiant, Torrent",84,86,88,111,101,60
Entei,Fire,Pressure,115,115,85,90,75,100
Escavalier,Bug/Steel,"Overcoat, Shell Armor, Swarm",70,135,105,60,105,20
Espeon,Psychic,"Magic Bounce, Synchronize",65,65,60,130,95,110
Espurr,Psychic,"Infiltrator, Keen Eye, Own Tempo",62,48,54,63,60,68
Excadrill,Ground/Steel,"Mold Breaker, Sand Force, Sand Rush",110,135,60,50,65,88
Exeggcute,Grass/Psychic,"Chlorophyll, Harvest",60,40,80,60,45,40
Exeggutor,Grass/Psychic,"Chlorophyll, Harvest",95,95,85,125,65,55
Exploud,Normal,"Scrappy, Soundproof",104,91,63,91,73,68
Farfetch'd,Normal/Flying,"Defiant, Inner Focus, Keen Eye",52,65,55,58,62,60
Fearow,Normal/Flying,"Keen Eye, Sniper",65,90,65,61,61,100
Feebas,Water,"Adaptability, Oblivious, Swift Swim",20,15,20,10,55,80
Fennekin,Fire,"Blaze, Magician",40,45,40,62,60,60
Feraligatr,Water,"Sheer Force, Torrent",85,105,100,79,83,78
Ferroseed,Grass/Steel,Iron Barbs,44,50,91,24,86,10
Ferrothorn,Grass/Steel,"Anticipation, Iron Barbs",74,94,131,54,116,20
Finneon,Water,"Storm Drain, Swift Swim, Water Veil",49,49,56,49,61,66
Flaaffy,Electric,"Plus, Static",70,55,55,80,60,45
Flabebe,Fairy,"Flower Veil, Symbiosis",44,38,39,61,79,42
Flareon,Fire,"Flash Fire, Guts",65,130,60,95,110,65
Fletchinder,Fire/Flying,"Flame Body, Gale Wings",62,73,55,56,52,84
Fletchling,Normal/Flying,"Big Pecks, Gale Wings",45,50,43,40,38,62
Floatzel,Water,"Swift Swim, Water Veil",85,105,55,85,50,115
Floette,Fairy,"Flower Veil, Symbiosis",54,45,47,75,98,52
Floette-Eternal,Fairy,"Flower Veil, Symbiosis",74,65,67,125,128,92
Florges,Fairy,"Flower Veil, Symbiosis",78,65,68,112,154,75
Flygon,Ground/Dragon,Levitate,80,100,80,80,80,100
Foongus,Grass/Poison,"Effect Spore, Regenerator",69,55,45,55,55,15
Forretress,Bug/Steel,"Overcoat, Sturdy",75,90,140,60,60,40
Fraxure,Dragon,"Mold Breaker, Rivalry, Unnerve",66,117,70,40,50,67
Frillish,Water/Ghost,"Cursed Body, Damp, Water Absorb",55,40,50,65,85,40
Froakie,Water,"Protean, Torrent",41,56,41,62,44,71
Frogadier,Water,"Protean, Torrent",54,63,52,83,56,97
Froslass,Ice/Ghost,"Cursed Body, Snow Cloak",70,80,70,80,70,110
Furfrou,Normal,Fur Coat,75,80,60,65,90,102
Furret,Normal,"Frisk, Keen Eye, Run Away",85,76,64,45,55,90
Gabite,Dragon/Ground,"Rough Skin, Sand Veil",68,90,65,50,55,82
Gallade,Psychic/Fighting,"Justified, Steadfast",68,125,65,65,115,80
Gallade (Mega),Psychic/Fighting,Inner Focus,68,165,95,65,115,110
Galvantula,Bug/Electric,"Compound Eyes, Swarm, Unnerve",70,77,60,97,60,108
Garbodor,Poison,"Aftermath, Stench, Weak Armor",80,95,82,60,82,75
Garchomp,Dragon/Ground,"Rough Skin, Sand Veil",108,130,95,80,85,102
Garchomp (Mega),Dragon/Ground,Sand Force,108,170,115,120,95,92
Gardevoir,Psychic/Fairy,"Synchronize, Telepathy, Trace",68,65,65,125,115,80
Gardevoir (Mega),Psychic/Fairy,Pixilate,68,85,65,165,135,100
Gastly,Ghost/Poison,Levitate,30,35,30,100,35,80
Gastrodon,Water/Ground,"Sand Force, Sticky Hold, Storm Drain",111,83,68,92,82,39
Genesect,Bug/Steel,Download,71,120,95,120,95,99
Gengar,Ghost/Poison,Levitate,60,65,60,130,75,110
Gengar (Mega),Ghost/Poison,Shadow Tag,60,65,80,170,95,130
Geodude,Rock/Ground,"Rock Head, Sand Veil, Sturdy",40,80,100,30,30,20
Gible,Dragon/Ground,"Rough Skin, Sand Veil",58,70,45,40,45,42
Gigalith,Rock,"Sand Force, Sturdy",85,135,130,60,80,25
Girafarig,Normal/Psychic,"Early Bird, Inner Focus, Sap Sipper",70,80,65,90,65,85
Giratina,Ghost/Dragon,"Pressure, Telepathy",150,100,120,100,120,90
Giratina-Origin,Ghost/Dragon,Levitate,150,120,100,120,100,90
Glaceon,Ice,"Ice Body, Snow Cloak",65,60,110,130,95,65
Glalie,Ice,"Ice Body, Inner Focus, Moody",80,80,80,80,80,80
Glalie (Mega),Ice,Refrigerate,80,120,80,120,80,100
Glameow,Normal,"Keen Eye, Limber, Own Tempo",49,55,42,42,37,85
Gligar,Ground/Flying,"Hyper Cutter, Immunity, Sand Veil",65,75,105,35,65,85
Gliscor,Ground/Flying,"Hyper Cutter, Poison Heal, Sand Veil",75,95,125,45,75,95
Gloom,Grass/Poison,"Chlorophyll, Stench",60,65,70,85,75,40
Gogoat,Grass,"Grass Pelt, Sap Sipper",123,100,62,97,81,68
Golbat,Poison/Flying,"Infiltrator, Inner Focus",75,80,70,65,75,90
Goldeen,Water,"Lightning Rod, Swift Swim, Water Veil",45,67,60,35,50,63
Golduck,Water,"Cloud Nine, Damp, Swift Swim",80,82,78,95,80,85
Golem,Rock/Ground,"Rock Head, Sand Veil, Sturdy",80,120,130,55,65,45
Golett,Ground/Ghost,"Iron Fist, Klutz, No Guard",59,74,50,35,50,35
Golurk,Ground/Ghost,"Iron Fist, Klutz, No Guard",89,124,80,55,80,55
Goodra,Dragon,"Gooey, Hydration, Sap Sipper",90,100,70,110,150,80
Goomy,Dragon,"Gooey, Hydration, Sap Sipper",45,50,35,55,75,40
Gorebyss,Water,"Hydration, Swift Swim",55,84,105,114,75,52
Gothita,Psychic,"Competitive, Frisk, Shadow Tag",45,30,50,55,65,45
Gothitelle,Psychic,"Competitive, Frisk, Shadow Tag",70,55,95,95,110,65
Gothorita,Psychic,"Competitive, Frisk, Shadow Tag",60,45,70,75,85,55
Gourgeist,Ghost/Grass,"Frisk, Insomnia, Pickup",65,90,122,58,75,84
Gourgeist-Large,Ghost/Grass,"Frisk, Insomnia, Pickup",75,95,122,58,75,69
Gourgeist-Small,Ghost/Grass,"Frisk, Insomnia, Pickup",55,85,122,58,75,99
Gourgeist-Super,Ghost/Grass,"Frisk, Insomnia, Pickup",85,100,122,58,75,54
Granbull,Fairy,"Intimidate, Quick Feet, Rattled",90,120,75,60,60,45
Graveler,Rock/Ground,"Rock Head, Sand Veil, Sturdy",55,95,115,45,45,35
Greninja,Water/Dark,"Protean, Torrent",72,95,67,103,71,122
Grimer,Poison,"Poison Touch, Stench, Sticky Hold",80,80,50,40,50,25
Grotle,Grass,"Overgrow, Shell Armor",75,89,85,55,65,36
Groudon,Ground,Drought,100,150,140,100,90,90
Groudon (Primal),Ground/Fire,Desolate Land,100,180,160,150,90,90
Grovyle,Grass,"Overgrow, Unburden",50,65,45,85,65,95
Growlithe,Fire,"Flash Fire, Intimidate, Justified",55,70,45,70,50,60
Grumpig,Psychic,"Gluttony, Own Tempo, Thick Fat",80,45,65,90,110,80
Gulpin,Poison,"Gluttony, Liquid Ooze, Sticky Hold",70,43,53,43,53,40
Gurdurr,Fighting,"Guts, Iron Fist, Sheer Force",85,105,85,40,50,40
Gyarados,Water/Flying,"Intimidate, Moxie",95,125,79,60,100,81
Gyarados (Mega),Water/Dark,Mold Breaker,95,155,109,70,130,81
Happiny,Normal,"Friend Guard, Natural Cure, Serene Grace",100,5,5,15,65,30
Hariyama,Fighting,"Guts, Sheer Force, Thick Fat",144,120,60,40,60,50
Haunter,Ghost/Poison,Levitate,45,50,45,115,55,95
Hawlucha,Fighting/Flying,"Limber, Mold Breaker, Unburden",78,92,77,74,63,118
Haxorus,Dragon,"Mold Breaker, Rivalry, Unnerve",76,147,90,60,70,97
Heatmor,Fire,"Flash Fire, Gluttony, White Smoke",85,97,66,105,66,65
Heatran,Fire/Steel,Flash Fire,91,90,106,130,106,77
Heliolisk,Electric/Normal,"Dry Skin, Sand Veil, Solar Power",62,55,52,109,94,109
Helioptile,Electric/Normal,"Dry Skin, Sand Veil, Solar Power",44,38,33,61,43,70
Heracross,Bug/Fighting,"Guts, Moxie, Swarm",80,125,75,40,95,85
Heracross (Mega),Bug/Fighting,Skill Link,80,185,115,40,105,75
Herdier,Normal,"Intimidate, Sand Rush, Scrappy",65,80,65,35,65,60
Hippopotas,Ground,"Sand Force, Sand Stream",68,72,78,38,42,32
Hippowdon,Ground,"Sand Force, Sand Stream",108,112,118,68,72,47
Hitmonchan,Fighting,"Inner Focus, Iron Fist, Keen Eye",50,105,79,35,110,76
Hitmonlee,Fighting,"Limber, Reckless, Unburden",50,120,53,35,110,87
Hitmontop,Fighting,"Intimidate, Steadfast, Technician",50,95,95,35,110,70
Ho-Oh,Fire/Flying,"Pressure, Regenerator",106,130,90,110,154,90
Honchkrow,Dark/Flying,"Insomnia, Moxie, Super Luck",100,125,52,105,52,71
Honedge,Steel/Ghost,No Guard,45,80,100,35,37,28
Hoopa,Psychic/Ghost,Magician,80,110,60,150,130,70
Hoopa-Unbound,Psychic/Dark,Magician,80,160,60,170,130,80
Hoothoot,Normal/Flying,"Insomnia, Keen Eye, Tinted Lens",60,30,30,36,56,50
Hoppip,Grass/Flying,"Chlorophyll, Infiltrator, Leaf Guard",35,35,40,35,55,50
Horsea,Water,"Damp, Sniper, Swift Swim",30,40,70,70,25,60
Houndoom,Dark/Fire,"Early Bird, Flash Fire, Unnerve",75,90,50,110,80,95
Houndoom (Mega),Dark/Fire,Solar Power,75,90,90,140,90,115
Houndour,Dark/Fire,"Early Bird, Flash Fire, Unnerve",45,60,30,80,50,65
Huntail,Water,"Swift Swim, Water Veil",55,104,105,94,75,52
Hydreigon,Dark/Dragon,Levitate,92,105,90,125,90,98
Hypno,Psychic,"Forewarn, Inner Focus, Insomnia",85,73,70,73,115,67
Igglybuff,Normal/Fairy,"Competitive, Cute Charm, Friend Guard",90,30,15,40,20,15
Illumise,Bug,"Oblivious, Prankster, Tinted Lens",65,47,55,73,75,85
Infernape,Fire/Fighting,"Blaze, Iron Fist",76,104,71,104,71,108
Inkay,Dark/Psychic,"Contrary, Infiltrator, Suction Cups",53,54,53,37,46,45
Ivysaur,Grass/Poison,"Chlorophyll, Overgrow",60,62,63,80,80,60
Jellicent,Water/Ghost,"Cursed Body, Damp, Water Absorb",100,60,70,85,105,60
Jigglypuff,Normal/Fairy,"Competitive, Cute Charm, Friend Guard",115,45,20,45,25,20
Jirachi,Steel/Psychic,Serene Grace,100,100,100,100,100,100
Jolteon,Electric,"Quick Feet, Volt Absorb",65,65,60,110,95,130
Joltik,Bug/Electric,"Compound Eyes, Swarm, Unnerve",50,47,50,57,50,65
Jumpluff,Grass/Flying,"Chlorophyll, Infiltrator, Leaf Guard",75,55,70,55,95,110
Jynx,Ice/Psychic,"Dry Skin, Forewarn, Oblivious",65,50,35,115,95,95
Kabuto,Rock/Water,"Battle Armor, Swift Swim, Weak Armor",30,80,90,55,45,55
Kabutops,Rock/Water,"Battle Armor, Swift Swim, Weak Armor",60,115,105,65,70,80
Kadabra,Psychic,"Inner Focus, Magic Guard, Synchronize",40,35,30,120,70,105
Kakuna,Bug/Poison,Shed Skin,45,25,50,25,25,35
Kangaskhan,Normal,"Early Bird, Inner Focus, Scrappy",105,95,80,40,80,90
Kangaskhan (Mega),Normal,Parental Bond,105,125,100,60,100,100
Karrablast,Bug,"No Guard, Shed Skin, Swarm",50,75,45,40,45,60
Kecleon,Normal,"Color Change, Protean",60,90,70,60,120,40
Keldeo,Water/Fighting,Justified,91,72,90,129,90,108
Kingdra,Water/Dragon,"Damp, Sniper, Swift Swim",75,95,95,95,95,85
Kingler,Water,"Hyper Cutter, Sheer Force, Shell Armor",55,130,115,50,50,75
Kirlia,Psychic/Fairy,"Synchronize, Telepathy, Trace",38,35,35,65,55,50
Klang,Steel,"Clear Body, Minus, Plus",60,80,95,70,85,50
Klefki,Steel/Fairy,"Magician, Prankster",57,80,91,80,87,75
Klink,Steel,"Clear Body, Minus, Plus",40,55,70,45,60,30
Klinklang,Steel,"Clear Body, Minus, Plus",60,100,115,70,85,90
Koffing,Poison,Levitate,40,65,95,60,45,35
Krabby,Water,"Hyper Cutter, Sheer Force, Shell Armor",30,105,90,25,25,50
Kricketot,Bug,"Run Away, Shed Skin",37,25,41,25,41,25
Kricketune,Bug,"Swarm, Technician",77,85,51,55,51,65
Krokorok,Ground/Dark,"Anger Point, Intimidate, Moxie",60,82,45,45,45,74
Krookodile,Ground/Dark,"Anger Point, Intimidate, Moxie",95,117,80,65,70,92
Kyogre,Water,Drizzle,100,100,90,150,140,90
Kyogre (Primal),Water,Primordial Sea,100,150,90,180,160,90
Kyurem,Dragon/Ice,Pressure,125,130,90,130,90,95
Kyurem-Black,Dragon/Ice,Teravolt,125,170,100,120,90,95
Kyurem-White,Dragon/Ice,Turboblaze,125,120,90,170,100,95
Lairon,Steel/Rock,"Heavy Metal, Rock Head, Sturdy",60,90,140,50,50,40
Lampent,Ghost/Fire,"Flame Body, Flash Fire, Infiltrator",60,40,60,95,60,55
Landorus,Ground/Flying,"Sand Force, Sheer Force",89,125,90,115,80,101
Landorus-Therian,Ground/Flying,Intimidate,89,145,90,105,80,91
Lanturn,Water/Electric,"Illuminate, Volt Absorb, Water Absorb",125,58,58,76,76,67
Lapras,Water/Ice,"Hydration, Shell Armor, Water Absorb",130,85,80,85,95,60
Larvesta,Bug/Fire,"Flame Body, Swarm",55,85,55,50,55,60
Larvitar,Rock/Ground,"Guts, Sand Veil",50,64,50,45,50,41
Latias,Dragon/Psychic,Levitate,80,80,90,110,130,110
Latias (Mega),Dragon/Psychic,Levitate,80,100,120,140,150,110
Latios,Dragon/Psychic,Levitate,80,90,80,130,110,110
Latios (Mega),Dragon/Psychic,Levitate,80,130,100,160,120,110
Leafeon,Grass,"Chlorophyll, Leaf Guard",65,110,130,60,65,95
Leavanny,Bug/Grass,"Chlorophyll, Overcoat, Swarm",75,103,80,70,80,92
Ledian,Bug/Flying,"Early Bird, Iron Fist, Swarm",55,35,50,55,110,85
Ledyba,Bug/Flying,"Early Bird, Rattled, Swarm",40,20,30,40,80,55
Lickilicky,Normal,"Cloud Nine, Oblivious, Own Tempo",110,85,95,80,95,50
Lickitung,Normal,"Cloud Nine, Oblivious, Own Tempo",90,55,75,60,75,30
Liepard,Dark,"Limber, Prankster, Unburden",64,88,50,88,50,106
Lileep,Rock/Grass,"Storm Drain, Suction Cups",66,41,77,61,87,23
Lilligant,Grass,"Chlorophyll, Leaf Guard, Own Tempo",70,60,75,110,75,90
Lillipup,Normal,"Pickup, Run Away, Vital Spirit",45,60,45,25,45,55
Linoone,Normal,"Gluttony, Pickup, Quick Feet",78,70,61,50,61,100
Litleo,Fire/Normal,"Moxie, Rivalry, Unnerve",62,50,58,73,54,72
Litwick,Ghost/Fire,"Flame Body, Flash Fire, Infiltrator",50,30,55,65,55,20
Lombre,Water/Grass,"Own Tempo, Rain Dish, Swift Swim",60,50,50,60,70,50
Lopunny,Normal,"Cute Charm, Klutz, Limber",65,76,84,54,96,105
Lopunny (Mega),Normal/Fighting,Scrappy,65,136,94,54,96,135
Lotad,Water/Grass,"Own Tempo, Rain Dish, Swift Swim",40,30,30,40,50,30
Loudred,Normal,"Scrappy, Soundproof",84,71,43,71,43,48
Lucario,Fighting/Steel,"Inner Focus, Justified, Steadfast",70,110,70,115,70,90
Lucario (Mega),Fighting/Steel,Adaptability,70,145,88,140,70,112
Ludicolo,Water/Grass,"Own Tempo, Rain Dish, Swift Swim",80,70,70,90,100,70
Lugia,Psychic/Flying,"Multiscale, Pressure",106,90,130,90,154,110
Lumineon,Water,"Storm Drain, Swift Swim, Water Veil",69,69,76,69,86,91
Lunatone,Rock/Psychic,Levitate,70,55,65,95,85,70
Luvdisc,Water,"Hydration, Swift Swim",43,30,55,40,65,97
Luxio,Electric,"Guts, Intimidate, Rivalry",60,85,49,60,49,60
Luxray,Electric,"Guts, Intimidate, Rivalry",80,120,79,95,79,70
Machamp,Fighting,"Guts, No Guard, Steadfast",90,130,80,65,85,55
Machoke,Fighting,"Guts, No Guard, Steadfast",80,100,70,50,60,45
Machop,Fighting,"Guts, No Guard, Steadfast",70,80,50,35,35,35
Magby,Fire,"Flame Body, Vital Spirit",45,75,37,70,55,83
Magcargo,Fire/Rock,"Flame Body, Magma Armor, Weak Armor",50,50,120,80,80,30
Magikarp,Water,"Rattled, Swift Swim",20,10,55,15,20,80
Magmar,Fire,"Flame Body, Vital Spirit",65,95,57,100,85,93
Magmortar,Fire,"Flame Body, Vital Spirit",75,95,67,125,95,83
Magnemite,Electric/Steel,"Analytic, Magnet Pull, Sturdy",25,35,70,95,55,45
Magneton,Electric/Steel,"Analytic, Magnet Pull, Sturdy",50,60,95,120,70,70
Magnezone,Electric/Steel,"Analytic, Magnet Pull, Sturdy",70,70,115,130,90,60
Makuhita,Fighting,"Guts, Sheer Force, Thick Fat",72,60,30,20,30,25
Malamar,Dark/Psychic,"Contrary, Infiltrator, Suction Cups",86,92,88,68,75,73
Mamoswine,Ice/Ground,"Oblivious, Snow Cloak, Thick Fat",110,130,80,70,60,80
Manaphy,Water,Hydration,100,100,100,100,100,100
Mandibuzz,Dark/Flying,"Big Pecks, Overcoat, Weak Armor",110,65,105,55,95,80
Manectric,Electric,"Lightning Rod, Minus, Static",70,75,60,105,60,105
Manectric (Mega),Electric,Intimidate,70,75,80,135,80,135
Mankey,Fighting,"Anger Point, Defiant, Vital Spirit",40,80,35,35,45,70
Mantine,Water/Flying,"Swift Swim, Water Absorb, Water Veil",65,40,70,80,140,70
Mantyke,Water/Flying,"Swift Swim, Water Absorb, Water Veil",45,20,50,60,120,50
Maractus,Grass,"Chlorophyll, Storm Drain, Water Absorb",75,86,67,106,67,60
Mareep,Electric,"Plus, Static",55,40,40,65,45,35
Marill,Water/Fairy,"Huge Power, Sap Sipper, Thick Fat",70,20,50,20,50,40
Marowak,Ground,"Battle Armor, Lightning Rod, Rock Head",60,80,110,50,80,45
Marshtomp,Water/Ground,"Damp, Torrent",70,85,70,60,70,50
Masquerain,Bug/Flying,"Intimidate, Unnerve",70,60,62,80,82,60
Mawile,Steel/Fairy,"Hyper Cutter, Intimidate, Sheer Force",50,85,85,55,55,50
Mawile (Mega),Steel/Fairy,Huge Power,50,105,125,55,95,50
Medicham,Fighting/Psychic,"Pure Power, Telepathy",60,60,75,60,75,80
Medicham (Mega),Fighting/Psychic,Pure Power,60,100,85,80,85,100
Meditite,Fighting/Psychic,"Pure Power, Telepathy",30,40,55,40,55,60
Meganium,Grass,"Leaf Guard, Overgrow",80,82,100,83,100,80
Meloetta,Normal/Psychic,Serene Grace,100,77,77,128,128,90
Meloetta (Pirouette),Normal/Fighting,Serene Grace,100,128,90,77,77,128
Meowstic-F,Psychic,"Competitive, Infiltrator, Keen Eye",74,48,76,83,81,104
Meowstic-M,Psychic,"Infiltrator, Keen Eye, Prankster",74,48,76,83,81,104
Meowth,Normal,"Pickup, Technician, Unnerve",40,45,35,40,40,90
Mesprit,Psychic,Levitate,80,105,105,105,105,80
Metagross,Steel/Psychic,"Clear Body, Light Metal",80,135,130,95,90,70
Metagross (Mega),Steel/Psychic,Tough Claws,80,145,150,105,110,110
Metang,Steel/Psychic,"Clear Body, Light Metal",60,75,100,55,80,50
Metapod,Bug,Shed Skin,50,20,55,25,25,30
Mew,Psychic,Synchronize,100,100,100,100,100,100
Mewtwo,Psychic,"Pressure, Unnerve",106,110,90,154,90,130
Mewtwo (Mega-X),Psychic/Fighting,Steadfast,106,190,100,154,100,130
Mewtwo (Mega-Y),Psychic,Insomnia,106,150,70,194,120,140
Mienfoo,Fighting,"Inner Focus, Reckless, Regenerator",45,85,50,55,50,65
Mienshao,Fighting,"Inner Focus, Reckless, Regenerator",65,125,60,95,60,105
Mightyena,Dark,"Intimidate, Moxie, Quick Feet",70,90,70,60,60,70
Milotic,Water,"Competitive, Cute Charm, Marvel Scale",95,60,79,100,125,81
Miltank,Normal,"Sap Sipper, Scrappy, Thick Fat",95,80,105,40,70,100
Mime Jr.,Psychic/Fairy,"Filter, Soundproof, Technician",20,25,45,70,90,60
Minccino,Normal,"Cute Charm, Skill Link, Technician",55,50,40,40,40,75
Minun,Electric,"Minus, Volt Absorb",60,40,50,75,85,95
Misdreavus,Ghost,Levitate,60,60,60,85,85,85
Mismagius,Ghost,Levitate,60,60,60,105,105,105
Moltres,Fire/Flying,"Flame Body, Pressure",90,100,90,125,85,90
Monferno,Fire/Fighting,"Blaze, Iron Fist",64,78,52,78,52,81
Mothim,Bug/Flying,"Swarm, Tinted Lens",70,94,50,94,50,66
Mr. Mime,Psychic/Fairy,"Filter, Soundproof, Technician",40,45,65,100,120,90
Mudkip,Water,"Damp, Torrent",50,70,50,50,50,40
Muk,Poison,"Poison Touch, Stench, Sticky Hold",105,105,75,65,100,50
Munchlax,Normal,"Gluttony, Pickup, Thick Fat",135,85,40,40,85,5
Munna,Psychic,"Forewarn, Synchronize, Telepathy",76,25,45,67,55,24
Murkrow,Dark/Flying,"Insomnia, Prankster, Super Luck",60,85,42,85,42,91
Musharna,Psychic,"Forewarn, Synchronize, Telepathy",116,55,85,107,95,29
Natu,Psychic/Flying,"Early Bird, Magic Bounce, Synchronize",40,50,45,70,45,70
Nidoking,Poison/Ground,"Poison Point, Rivalry, Sheer Force",81,102,77,85,75,85
Nidoqueen,Poison/Ground,"Poison Point, Rivalry, Sheer Force",90,92,87,75,85,76
Nidoran-F,Poison,"Hustle, Poison Point, Rivalry",55,47,52,40,40,41
Nidoran-M,Poison,"Hustle, Poison Point, Rivalry",46,57,40,40,40,50
Nidorina,Poison,"Hustle, Poison Point, Rivalry",70,62,67,55,55,56
Nidorino,Poison,"Hustle, Poison Point, Rivalry",61,72,57,55,55,65
Nincada,Bug/Ground,"Compound Eyes, Run Away",31,45,90,30,30,40
Ninetales,Fire,"Drought, Flash Fire",73,76,75,81,100,100
Ninjask,Bug/Flying,"Infiltrator, Speed Boost",61,90,45,50,50,160
Noctowl,Normal/Flying,"Insomnia, Keen Eye, Tinted Lens",100,50,50,76,96,70
Noibat,Flying/Dragon,"Frisk, Infiltrator, Telepathy",40,30,35,45,40,55
Noivern,Flying/Dragon,"Frisk, Infiltrator, Telepathy",85,70,80,97,80,123
Nosepass,Rock,"Magnet Pull, Sand Force, Sturdy",30,45,135,45,90,30
Numel,Fire/Ground,"Oblivious, Own Tempo, Simple",60,60,40,65,45,35
Nuzleaf,Grass/Dark,"Chlorophyll, Early Bird, Pickpocket",70,70,40,60,40,60
Octillery,Water,"Moody, Sniper, Suction Cups",75,105,75,105,75,45
Oddish,Grass/Poison,"Chlorophyll, Run Away",45,50,55,75,65,30
Omanyte,Rock/Water,"Shell Armor, Swift Swim, Weak Armor",35,40,100,90,55,35
Omastar,Rock/Water,"Shell Armor, Swift Swim, Weak Armor",70,60,125,115,70,55
Onix,Rock/Ground,"Rock Head, Sturdy, Weak Armor",35,45,160,30,45,70
Oshawott,Water,"Shell Armor, Torrent",55,55,45,63,45,45
Pachirisu,Electric,"Pickup, Run Away, Volt Absorb",60,45,70,45,90,95
Palkia,Water/Dragon,"Pressure, Telepathy",90,120,100,150,120,100
Palpitoad,Water/Ground,"Hydration, Swift Swim, Water Absorb",75,65,55,65,55,69
Pancham,Fighting,"Iron Fist, Mold Breaker, Scrappy",67,82,62,46,48,43
Pangoro,Fighting/Dark,"Iron Fist, Mold Breaker, Scrappy",95,124,78,69,71,58
Panpour,Water,"Gluttony, Torrent",50,53,48,53,48,64
Pansage,Grass,"Gluttony, Overgrow",50,53,48,53,48,64
Pansear,Fire,"Blaze, Gluttony",50,53,48,53,48,64
Paras,Bug/Grass,"Damp, Dry Skin, Effect Spore",35,70,55,45,55,25
Parasect,Bug/Grass,"Damp, Dry Skin, Effect Spore",60,95,80,60,80,30
Patrat,Normal,"Analytic, Keen Eye, Run Away",45,55,39,35,39,42
Pawniard,Dark/Steel,"Defiant, Inner Focus, Pressure",45,85,70,40,40,60
Pelipper,Water/Flying,"Keen Eye, Rain Dish",60,50,100,85,70,65
Persian,Normal,"Limber, Technician, Unnerve",65,70,60,65,65,115
Petilil,Grass,"Chlorophyll, Leaf Guard, Own Tempo",45,35,50,70,50,30
Phanpy,Ground,"Pickup, Sand Veil",90,60,60,40,40,40
Phantump,Ghost/Grass,"Frisk, Harvest, Natural Cure",43,70,48,50,60,38
Phione,Water,Hydration,80,80,80,80,80,80
Pichu,Electric,"Lightning Rod, Static",20,40,15,35,35,60
Pidgeot,Normal/Flying,"Big Pecks, Keen Eye, Tangled Feet",83,80,75,70,70,101
Pidgeot (Mega),Normal/Flying,No Guard,83,80,80,135,80,121
Pidgeotto,Normal/Flying,"Big Pecks, Keen Eye, Tangled Feet",63,60,55,50,50,71
Pidgey,Normal/Flying,"Big Pecks, Keen Eye, Tangled Feet",40,45,40,35,35,56
Pidove,Normal/Flying,"Big Pecks, Rivalry, Super Luck",50,55,50,36,30,43
Pignite,Fire/Fighting,"Blaze, Thick Fat",90,93,55,70,55,55
Pikachu,Electric,"Lightning Rod, Static",35,55,40,50,50,90
Piloswine,Ice/Ground,"Oblivious, Snow Cloak, Thick Fat",100,100,80,60,60,50
Pineco,Bug,"Overcoat, Sturdy",50,65,90,35,35,15
Pinsir,Bug,"Hyper Cutter, Mold Breaker, Moxie",65,125,100,55,70,85
Pinsir (Mega),Bug/Flying,Aerilate,65,155,120,65,90,105
Piplup,Water,"Defiant, Torrent",53,51,53,61,56,40
Plusle,Electric,"Lightning Rod, Plus",60,50,40,85,75,95
Politoed,Water,"Damp, Drizzle, Water Absorb",90,75,75,90,100,70
Poliwag,Water,"Damp, Swift Swim, Water Absorb",40,50,40,40,40,90
Poliwhirl,Water,"Damp, Swift Swim, Water Absorb",65,65,65,50,50,90
Poliwrath,Water/Fighting,"Damp, Swift Swim, Water Absorb",90,95,95,70,90,70
Ponyta,Fire,"Flame Body, Flash Fire, Run Away",50,85,55,65,65,90
Poochyena,Dark,"Quick Feet, Rattled, Run Away",35,55,35,30,30,35
Porygon,Normal,"Analytic, Download, Trace",65,60,70,85,75,40
Porygon-Z,Normal,"Adaptability, Analytic, Download",85,80,70,135,75,90
Porygon2,Normal,"Analytic, Download, Trace",85,80,90,105,95,60
Primeape,Fighting,"Anger Point, Defiant, Vital Spirit",65,105,60,60,70,95
Prinplup,Water,"Defiant, Torrent",64,66,68,81,76,50
Probopass,Rock/Steel,"Magnet Pull, Sand Force, Sturdy",60,55,145,75,150,40
Psyduck,Water,"Cloud Nine, Damp, Swift Swim",50,52,48,65,50,55
Pumpkaboo,Ghost/Grass,"Frisk, Insomnia, Pickup",49,66,70,44,55,51
Pumpkaboo-Large,Ghost/Grass,"Frisk, Insomnia, Pickup",54,66,70,44,55,46
Pumpkaboo-Small,Ghost/Grass,"Frisk, Insomnia, Pickup",44,66,70,44,55,56
Pumpkaboo-Super,Ghost/Grass,"Frisk, Insomnia, Pickup",59,66,70,44,55,41
Pupitar,Rock/Ground,Shed Skin,70,84,70,65,70,51
Purrloin,Dark,"Limber, Prankster, Unburden",41,50,37,50,37,66
Purugly,Normal,"Defiant, Own Tempo, Thick Fat",71,82,64,64,59,112
Pyroar,Fire/Normal,"Moxie, Rivalry, Unnerve",86,68,72,109,66,106
Quagsire,Water/Ground,"Damp, Unaware, Water Absorb",95,85,85,65,65,35
Quilava,Fire,"Blaze, Flash Fire",58,64,58,80,65,80
Quilladin,Grass,"Bulletproof, Overgrow",61,78,95,56,58,57
Qwilfish,Water/Poison,"Intimidate, Poison Point, Swift Swim",65,95,75,55,55,85
Raichu,Electric,"Lightning Rod, Static",60,90,55,90,80,110
Raikou,Electric,Pressure,90,85,75,115,100,115
Ralts,Psychic/Fairy,"Synchronize, Telepathy, Trace",28,25,25,45,35,40
Rampardos,Rock,"Mold Breaker, Sheer Force",97,165,60,65,50,58
Rapidash,Fire,"Flame Body, Flash Fire, Run Away",65,100,70,80,80,105
Raticate,Normal,"Guts, Hustle, Run Away",55,81,60,50,70,97
Rattata,Normal,"Guts, Hustle, Run Away",30,56,35,25,35,72
Rayquaza,Dragon/Flying,Air Lock,105,150,90,150,90,95
Rayquaza (Mega),Dragon/Flying,Delta Stream,105,180,100,180,100,115
Regice,Ice,"Clear Body, Ice Body",80,50,100,100,200,50
Regigigas,Normal,Slow Start,110,160,110,80,110,100
Regirock,Rock,"Clear Body, Sturdy",80,100,200,50,100,50
Registeel,Steel,"Clear Body, Light Metal",80,75,150,75,150,50
Relicanth,Water/Rock,"Rock Head, Sturdy, Swift Swim",100,90,130,45,65,55
Remoraid,Water,"Hustle, Moody, Sniper",35,65,35,65,35,65
Reshiram,Dragon/Fire,Turboblaze,100,120,100,150,120,90
Reuniclus,Psychic,"Magic Guard, Overcoat, Regenerator",110,65,75,125,85,30
Rhydon,Ground/Rock,"Lightning Rod, Reckless, Rock Head",105,130,120,45,45,40
Rhyhorn,Ground/Rock,"Lightning Rod, Reckless, Rock Head",80,85,95,30,30,25
Rhyperior,Ground/Rock,"Lightning Rod, Reckless, Solid Rock",115,140,130,55,55,40
Riolu,Fighting,"Inner Focus, Prankster, Steadfast",40,70,40,35,40,60
Roggenrola,Rock,"Sand Force, Sturdy",55,75,85,25,25,15
Roselia,Grass/Poison,"Leaf Guard, Natural Cure, Poison Point",50,60,45,100,80,65
Roserade,Grass/Poison,"Natural Cure, Poison Point, Technician",60,70,65,125,105,90
Rotom,Electric/Ghost,Levitate,50,50,77,95,77,91
Rotom-Fan,Electric/Flying,Levitate,50,65,107,105,107,86
Rotom-Frost,Electric/Ice,Levitate,50,65,107,105,107,86
Rotom-Heat,Electric/Fire,Levitate,50,65,107,105,107,86
Rotom-Mow,Electric/Grass,Levitate,50,65,107,105,107,86
Rotom-Wash,Electric/Water,Levitate,50,65,107,105,107,86
Rufflet,Normal/Flying,"Hustle, Keen Eye, Sheer Force",70,83,50,37,50,60
Sableye,Dark/Ghost,"Keen Eye, Prankster, Stall",50,75,75,65,65,50
Sableye (Mega),Dark/Ghost,Magic Bounce,50,85,125,85,115,20
Salamence,Dragon/Flying,"Intimidate, Moxie",95,135,80,110,80,100
Salamence (Mega),Dragon/Flying,Aerilate,95,145,130,120,90,120
Samurott,Water,"Shell Armor, Torrent",95,100,85,108,70,70
Sandile,Ground/Dark,"Anger Point, Intimidate, Moxie",50,72,35,35,35,65
Sandshrew,Ground,"Sand Rush, Sand Veil",50,75,85,20,30,40
Sandslash,Ground,"Sand Rush, Sand Veil",75,100,110,45,55,65
Sawk,Fighting,"Inner Focus, Mold Breaker, Sturdy",75,125,75,30,75,85
Sawsbuck,Normal/Grass,"Chlorophyll, Sap Sipper, Serene Grace",80,100,70,60,70,95
Scatterbug,Bug,"Compound Eyes, Friend Guard, Shield Dust",38,35,40,27,25,35
Sceptile,Grass,"Overgrow, Unburden",70,85,65,105,85,120
Sceptile (Mega),Grass/Dragon,Lightning Rod,70,110,75,145,85,145
Scizor,Bug/Steel,"Light Metal, Swarm, Technician",70,130,100,55,80,65
Scizor (Mega),Bug/Steel,Technician,70,150,140,65,100,75
Scolipede,Bug/Poison,"Poison Point, Speed Boost, Swarm",60,100,89,55,69,112
Scrafty,Dark/Fighting,"Intimidate, Moxie, Shed Skin",65,90,115,45,115,58
Scraggy,Dark/Fighting,"Intimidate, Moxie, Shed Skin",50,75,70,35,70,48
Scyther,Bug/Flying,"Steadfast, Swarm, Technician",70,110,80,55,80,105
Seadra,Water,"Damp, Poison Point, Sniper",55,65,95,95,45,85
Seaking,Water,"Lightning Rod, Swift Swim, Water Veil",80,92,65,65,80,68
Sealeo,Ice/Water,"Ice Body, Oblivious, Thick Fat",90,60,70,75,70,45
Seedot,Grass,"Chlorophyll, Early Bird, Pickpocket",40,40,50,30,30,30
Seel,Water,"Hydration, Ice Body, Thick Fat",65,45,55,45,70,45
Seismitoad,Water/Ground,"Poison Touch, Swift Swim, Water Absorb",105,95,75,85,75,74
Sentret,Normal,"Frisk, Keen Eye, Run Away",35,46,34,35,45,20
Serperior,Grass,"Contrary, Overgrow",75,75,95,75,95,113
Servine,Grass,"Contrary, Overgrow",60,60,75,60,75,83
Seviper,Poison,"Infiltrator, Shed Skin",73,100,60,100,60,65
Sewaddle,Bug/Grass,"Chlorophyll, Overcoat, Swarm",45,53,70,40,60,42
Sharpedo,Water/Dark,"Rough Skin, Speed Boost",70,120,40,95,40,95
Sharpedo (Mega),Water/Dark,Strong Jaw,70,140,70,110,65,105
Shaymin,Grass,Natural Cure,100,100,100,100,100,100
Shaymin-Sky,Grass/Flying,Serene Grace,100,103,75,120,75,127
Shedinja,Bug/Ghost,Wonder Guard,1,90,45,30,30,40
Shelgon,Dragon,"Overcoat, Rock Head",65,95,100,60,50,50
Shellder,Water,"Overcoat, Shell Armor, Skill Link",30,65,100,45,25,40
Shellos,Water,"Sand Force, Sticky Hold, Storm Drain",76,48,48,57,62,34
Shelmet,Bug,"Hydration, Overcoat, Shell Armor",50,40,85,40,65,25
Shieldon,Rock/Steel,"Soundproof, Sturdy",30,42,118,42,88,30
Shiftry,Grass/Dark,"Chlorophyll, Early Bird, Pickpocket",90,100,60,90,60,80
Shinx,Electric,"Guts, Intimidate, Rivalry",45,65,34,40,34,45
Shroomish,Grass,"Effect Spore, Poison Heal, Quick Feet",60,40,60,40,60,35
Shuckle,Bug/Rock,"Contrary, Gluttony, Sturdy",20,10,230,10,230,5
Shuppet,Ghost,"Cursed Body, Frisk, Insomnia",44,75,35,63,33,45
Sigilyph,Psychic/Flying,"Magic Guard, Tinted Lens, Wonder Skin",72,58,80,103,80,97
Silcoon,Bug,Shed Skin,50,35,55,25,25,15
Simipour,Water,"Gluttony, Torrent",75,98,63,98,63,101
Simisage,Grass,"Gluttony, Overgrow",75,98,63,98,63,101
Simisear,Fire,"Blaze, Gluttony",75,98,63,98,63,101
Skarmory,Steel/Flying,"Keen Eye, Sturdy, Weak Armor",65,80,140,40,70,70
Skiddo,Grass,"Grass Pelt, Sap Sipper",66,65,48,62,57,52
Skiploom,Grass/Flying,"Chlorophyll, Infiltrator, Leaf Guard",55,45,50,45,65,80
Skitty,Normal,"Cute Charm, Normalize, Wonder Skin",50,45,45,35,35,50
Skorupi,Poison/Bug,"Battle Armor, Keen Eye, Sniper",40,50,90,30,55,65
Skrelp,Poison/Water,"Adaptability, Poison Point, Poison Touch",50,60,60,60,60,30
Skuntank,Poison/Dark,"Aftermath, Keen Eye, Stench",103,93,67,71,61,84
Slaking,Normal,Truant,150,160,100,95,65,100
Slakoth,Normal,Truant,60,60,60,35,35,30
Sliggoo,Dragon,"Gooey, Hydration, Sap Sipper",68,75,53,83,113,60
Slowbro,Water/Psychic,"Oblivious, Own Tempo, Regenerator",95,75,110,100,80,30
Slowbro (Mega),Water/Psychic,Shell Armor,95,75,180,130,80,30
Slowking,Water/Psychic,"Oblivious, Own Tempo, Regenerator",95,75,80,100,110,30
Slowpoke,Water/Psychic,"Oblivious, Own Tempo, Regenerator",90,65,65,40,40,15
Slugma,Fire,"Flame Body, Magma Armor, Weak Armor",40,40,40,70,40,20
Slurpuff,Fairy,"Sweet Veil, Unburden",82,80,86,85,75,72
Smeargle,Normal,"Moody, Own Tempo, Technician",55,20,35,20,45,75
Smoochum,Ice/Psychic,"Forewarn, Hydration, Oblivious",45,30,15,85,65,65
Sneasel,Dark/Ice,"Inner Focus, Keen Eye, Pickpocket",55,95,55,35,75,115
Snivy,Grass,"Contrary, Overgrow",45,45,55,45,55,63
Snorlax,Normal,"Gluttony, Immunity, Thick Fat",160,110,65,65,110,30
Snorunt,Ice,"Ice Body, Inner Focus, Moody",50,50,50,50,50,50
Snover,Grass/Ice,"Snow Warning, Soundproof",60,62,50,62,60,40
Snubbull,Fairy,"Intimidate, Rattled, Run Away",60,80,50,40,40,30
Solosis,Psychic,"Magic Guard, Overcoat, Regenerator",45,30,40,105,50,20
Solrock,Rock/Psychic,Levitate,70,95,85,55,65,70
Spearow,Normal/Flying,"Keen Eye, Sniper",40,60,30,31,31,70
Spewpa,Bug,"Friend Guard, Shed Skin",45,22,60,27,30,29
Spheal,Ice/Water,"Ice Body, Oblivious, Thick Fat",70,40,50,55,50,25
Spinarak,Bug/Poison,"Insomnia, Sniper, Swarm",40,60,40,40,40,30
Spinda,Normal,"Contrary, Own Tempo, Tangled Feet",60,60,60,60,60,60
Spiritomb,Ghost/Dark,"Infiltrator, Pressure",50,92,108,92,108,35
Spoink,Psychic,"Gluttony, Own Tempo, Thick Fat",60,25,35,70,80,60
Spritzee,Fairy,"Aroma Veil, Healer",78,52,60,63,65,23
Squirtle,Water,"Rain Dish, Torrent",44,48,65,50,64,43
Stantler,Normal,"Frisk, Intimidate, Sap Sipper",73,95,62,85,65,85
Staraptor,Normal/Flying,"Intimidate, Reckless",85,120,70,50,60,100
Staravia,Normal/Flying,"Intimidate, Reckless",55,75,50,40,40,80
Starly,Normal/Flying,"Keen Eye, Reckless",40,55,30,30,30,60
Starmie,Water/Psychic,"Analytic, Illuminate, Natural Cure",60,75,85,100,85,115
Staryu,Water,"Analytic, Illuminate, Natural Cure",30,45,55,70,55,85
Steelix,Steel/Ground,"Rock Head, Sheer Force, Sturdy",75,85,200,55,65,30
Steelix (Mega),Steel/Ground,Sand Force,75,125,230,55,95,30
Stoutland,Normal,"Intimidate, Sand Rush, Scrappy",85,110,90,45,90,80
Stunfisk,Ground/Electric,"Limber, Sand Veil, Static",109,66,84,81,99,32
Stunky,Poison/Dark,"Aftermath, Keen Eye, Stench",63,63,47,41,41,74
Sudowoodo,Rock,"Rattled, Rock Head, Sturdy",70,100,115,30,65,30
Suicune,Water,Pressure,100,75,115,90,115,85
Sunflora,Grass,"Chlorophyll, Early Bird, Solar Power",75,75,55,105,85,30
Sunkern,Grass,"Chlorophyll, Early Bird, Solar Power",30,30,30,30,30,30
Surskit,Bug/Water,"Rain Dish, Swift Swim",40,30,32,50,52,65
Swablu,Normal/Flying,"Cloud Nine, Natural Cure",45,40,60,40,75,50
Swadloon,Bug/Grass,"Chlorophyll, Leaf Guard, Overcoat",55,63,90,50,80,42
Swalot,Poison,"Gluttony, Liquid Ooze, Sticky Hold",100,73,83,73,83,55
Swampert,Water/Ground,"Damp, Torrent",100,110,90,85,90,60
Swampert (Mega),Water/Ground,Swift Swim,100,150,110,95,110,70
Swanna,Water/Flying,"Big Pecks, Hydration, Keen Eye",75,87,63,87,63,98
Swellow,Normal/Flying,"Guts, Scrappy",60,85,60,50,50,125
Swinub,Ice/Ground,"Oblivious, Snow Cloak, Thick Fat",50,50,40,30,30,50
Swirlix,Fairy,"Sweet Veil, Unburden",62,48,66,59,57,49
Swoobat,Psychic/Flying,"Klutz, Simple, Unaware",67,57,55,77,55,114
Sylveon,Fairy,"Cute Charm, Pixilate",95,65,65,110,130,60
Taillow,Normal/Flying,"Guts, Scrappy",40,55,30,30,30,85
Talonflame,Fire/Flying,"Flame Body, Gale Wings",78,81,71,74,69,126
Tangela,Grass,"Chlorophyll, Leaf Guard, Regenerator",65,55,115,100,40,60
Tangrowth,Grass,"Chlorophyll, Leaf Guard, Regenerator",100,100,125,110,50,50
Tauros,Normal,"Anger Point, Intimidate, Sheer Force",75,100,95,40,70,110
Teddiursa,Normal,"Honey Gather, Pickup, Quick Feet",60,80,50,50,50,40
Tentacool,Water/Poison,"Clear Body, Liquid Ooze, Rain Dish",40,40,35,50,100,70
Tentacruel,Water/Poison,"Clear Body, Liquid Ooze, Rain Dish",80,70,65,80,120,100
Tepig,Fire,"Blaze, Thick Fat",65,63,45,45,45,45
Terrakion,Rock/Fighting,Justified,91,129,90,72,90,108
Throh,Fighting,"Guts, Inner Focus, Mold Breaker",120,100,85,30,85,45
Thundurus,Electric/Flying,"Defiant, Prankster",79,115,70,125,80,111
Thundurus-Therian,Electric/Flying,Volt Absorb,79,105,70,145,80,101
Timburr,Fighting,"Guts, Iron Fist, Sheer Force",75,80,55,25,35,35
Tirtouga,Water/Rock,"Solid Rock, Sturdy, Swift Swim",54,78,103,53,45,22
Togekiss,Fairy/Flying,"Hustle, Serene Grace, Super Luck",85,50,95,120,115,80
Togepi,Fairy,"Hustle, Serene Grace, Super Luck",35,20,65,40,65,20
Togetic,Fairy/Flying,"Hustle, Serene Grace, Super Luck",55,40,85,80,105,40
Torchic,Fire,"Blaze, Speed Boost",45,60,40,70,50,45
Torkoal,Fire,"Shell Armor, White Smoke",70,85,140,85,70,20
Tornadus,Flying,"Defiant, Prankster",79,115,70,125,80,111
Tornadus-Therian,Flying,Regenerator,79,100,80,110,90,121
Torterra,Grass/Ground,"Overgrow, Shell Armor",95,109,105,75,85,56
Totodile,Water,"Sheer Force, Torrent",50,65,64,44,48,43
Toxicroak,Poison/Fighting,"Anticipation, Dry Skin, Poison Touch",83,106,65,86,65,85
Tranquill,Normal/Flying,"Big Pecks, Rivalry, Super Luck",62,77,62,50,42,65
Trapinch,Ground,"Arena Trap, Hyper Cutter, Sheer Force",45,100,45,45,45,10
Treecko,Grass,"Overgrow, Unburden",40,45,35,65,55,70
Trevenant,Ghost/Grass,"Frisk, Harvest, Natural Cure",85,110,76,65,82,56
Tropius,Grass/Flying,"Chlorophyll, Harvest, Solar Power",99,68,83,72,87,51
Trubbish,Poison,"Aftermath, Stench, Sticky Hold",50,50,62,40,62,65
Turtwig,Grass,"Overgrow, Shell Armor",55,68,64,45,55,31
Tympole,Water,"Hydration, Swift Swim, Water Absorb",50,50,40,50,40,64
Tynamo,Electric,Levitate,35,55,40,45,40,60
Typhlosion,Fire,"Blaze, Flash Fire",78,84,78,109,85,100
Tyranitar,Rock/Dark,"Sand Stream, Unnerve",100,134,110,95,100,61
Tyranitar (Mega),Rock/Dark,Sand Stream,100,164,150,95,120,71
Tyrantrum,Rock/Dragon,"Rock Head, Strong Jaw",82,121,119,69,59,71
Tyrogue,Fighting,"Guts, Steadfast, Vital Spirit",35,35,35,35,35,35
Tyrunt,Rock/Dragon,"Strong Jaw, Sturdy",58,89,77,45,45,48
Umbreon,Dark,"Inner Focus, Synchronize",95,65,110,60,130,65
Unfezant,Normal/Flying,"Big Pecks, Rivalry, Super Luck",80,115,80,65,55,93
Unown,Psychic,Levitate,48,72,48,72,48,48
Ursaring,Normal,"Guts, Quick Feet, Unnerve",90,130,75,75,75,55
Uxie,Psychic,Levitate,75,75,130,75,130,95
Vanillish,Ice,"Ice Body, Weak Armor",51,65,65,80,75,59
Vanillite,Ice,"Ice Body, Weak Armor",36,50,50,65,60,44
Vanilluxe,Ice,"Ice Body, Weak Armor",71,95,85,110,95,79
Vaporeon,Water,"Hydration, Water Absorb",130,65,60,110,95,65
Venipede,Bug/Poison,"Poison Point, Speed Boost, Swarm",30,45,59,30,39,57
Venomoth,Bug/Poison,"Shield Dust, Tinted Lens, Wonder Skin",70,65,60,90,75,90
Venonat,Bug/Poison,"Compound Eyes, Run Away, Tinted Lens",60,55,50,40,55,45
Venusaur,Grass/Poison,"Chlorophyll, Overgrow",80,82,83,100,100,80
Venusaur (Mega),Grass/Poison,Thick Fat,80,100,123,122,120,80
Vespiquen,Bug/Flying,"Pressure, Unnerve",70,80,102,80,102,40
Vibrava,Ground/Dragon,Levitate,50,70,50,50,50,70
Victini,Psychic/Fire,Victory Star,100,100,100,100,100,100
Victreebel,Grass/Poison,"Chlorophyll, Gluttony",80,105,65,100,70,70
Vigoroth,Normal,Vital Spirit,80,80,80,55,55,90
Vileplume,Grass/Poison,"Chlorophyll, Effect Spore",75,80,85,110,90,50
Virizion,Grass/Fighting,Justified,91,90,72,90,129,108
Vivillon,Bug/Flying,"Compound Eyes, Friend Guard, Shield Dust",80,52,50,90,50,89
Volbeat,Bug,"Illuminate, Prankster, Swarm",65,73,55,47,75,85
Volcanion,Fire/Water,Water Absorb,80,110,120,130,90,70
Volcarona,Bug/Fire,"Flame Body, Swarm",85,60,65,135,105,100
Voltorb,Electric,"Aftermath, Soundproof, Static",40,30,50,55,55,100
Vullaby,Dark/Flying,"Big Pecks, Overcoat, Weak Armor",70,55,75,45,65,60
Vulpix,Fire,"Drought, Flash Fire",38,41,40,50,65,65
Wailmer,Water,"Oblivious, Pressure, Water Veil",130,70,35,70,35,60
Wailord,Water,"Oblivious, Pressure, Water Veil",170,90,45,90,45,60
Walrein,Ice/Water,"Ice Body, Oblivious, Thick Fat",110,80,90,95,90,65
Wartortle,Water,"Rain Dish, Torrent",59,63,80,65,80,58
Watchog,Normal,"Analytic, Illuminate, Keen Eye",60,85,69,60,69,77
Weavile,Dark/Ice,"Pickpocket, Pressure",70,120,65,45,85,125
Weedle,Bug/Poison,"Run Away, Shield Dust",40,35,30,20,20,50
Weepinbell,Grass/Poison,"Chlorophyll, Gluttony",65,90,50,85,45,55
Weezing,Poison,Levitate,65,90,120,85,70,60
Whimsicott,Grass/Fairy,"Chlorophyll, Infiltrator, Prankster",60,67,85,77,75,116
Whirlipede,Bug/Poison,"Poison Point, Speed Boost, Swarm",40,55,99,40,79,47
Whiscash,Water/Ground,"Anticipation, Hydration, Oblivious",110,78,73,76,71,60
Whismur,Normal,"Rattled, Soundproof",64,51,23,51,23,28
Wigglytuff,Normal/Fairy,"Competitive, Cute Charm, Frisk",140,70,45,85,50,45
Wingull,Water/Flying,"Keen Eye, Rain Dish",40,30,30,55,30,85
Wobbuffet,Psychic,"Shadow Tag, Telepathy",190,33,58,33,58,33
Woobat,Psychic/Flying,"Klutz, Simple, Unaware",55,45,43,55,43,72
Wooper,Water/Ground,"Damp, Unaware, Water Absorb",55,45,45,25,25,15
Wormadam,Bug/Grass,"Anticipation, Overcoat",60,59,85,79,105,36
Wormadam-Sandy,Bug/Ground,"Anticipation, Overcoat",60,79,105,59,85,36
Wormadam-Trash,Bug/Steel,"Anticipation, Overcoat",60,69,95,69,95,36
Wurmple,Bug,"Run Away, Shield Dust",45,45,35,20,30,20
Wynaut,Psychic,"Shadow Tag, Telepathy",95,23,48,23,48,23
Xatu,Psychic/Flying,"Early Bird, Magic Bounce, Synchronize",65,75,70,95,70,95
Xerneas,Fairy,Fairy Aura,126,131,95,131,98,99
Yamask,Ghost,Mummy,38,30,85,55,65,30
Yanma,Bug/Flying,"Compound Eyes, Frisk, Speed Boost",65,65,45,75,45,95
Yanmega,Bug/Flying,"Frisk, Speed Boost, Tinted Lens",86,76,86,116,56,95
Yveltal,Dark/Flying,Dark Aura,126,131,95,131,98,99
Zangoose,Normal,"Immunity, Toxic Boost",73,115,60,60,60,90
Zapdos,Electric/Flying,"Pressure, Static",90,90,85,125,90,100
Zebstrika,Electric,"Lightning Rod, Motor Drive, Sap Sipper",75,100,63,80,63,116
Zekrom,Dragon/Electric,Teravolt,100,150,120,120,100,90
Zigzagoon,Normal,"Gluttony, Pickup, Quick Feet",38,30,41,30,41,60
Zoroark,Dark,Illusion,60,105,60,120,60,105
Zorua,Dark,Illusion,40,65,40,80,40,65
Zubat,Poison/Flying,"Infiltrator, Inner Focus",40,45,35,30,40,55
Zweilous,Dark/Dragon,Hustle,72,85,70,65,70,58
Zygarde,Dragon/Ground,Aura Break,108,100,121,81,95,95
